episode,reward
1,2.996061191282359
2,-25.79820364253627
3,-28.681865726097072
4,-27.599999999999998
5,-28.09470630012538
6,-29.2
7,-8.86710585650893
8,-16.18950088903589
9,-19.157552186524185
10,19.386110632922993
11,11.94020513270024
12,21.84721891120601
13,21.638206870066206
14,-3.876574535474096
15,21.460805450475963
16,21.63654877082305
17,-7.784774662796165
18,18.634712586406486
19,21.001105901687243
20,21.490572683468436
21,21.506441404346035
22,21.87107120040705
23,21.499676411148055
24,21.666548652337948
25,19.935819543799376
26,21.48964130433159
27,3.0818635505472844
28,21.62226444886151
29,20.887333290407106
30,19.822339407304515
31,20.14601344924542
32,21.93553318336866
33,21.556701037289404
34,12.287507870582441
35,5.269079943072583
36,19.05782494067024
37,21.675438840085747
38,0.6433974824747173
39,7.2999982240574255
40,16.082557273268307
41,23.188878508169942
42,22.14773328022537
43,21.44803853866514
44,-21.583182080939967
45,20.570878838628403
46,22.790297383531456
47,19.85655959027638
48,19.66582595342095
49,21.644866137746135
50,21.682397403817372
51,22.230500432178584
52,20.309353465384934
53,20.496708219356623
54,21.979664077852327
55,21.518904280554946
56,21.469833640473304
57,21.917204922946787
58,21.750904956387078
59,20.086032901531194
60,19.88469463326969
61,19.308571284421944
62,21.763700338337156
63,21.97070989331401
64,7.63648769240434
65,19.794859512849232
66,21.66583227992854
67,21.668100096081996
68,17.545782885856063
69,19.877445460705367
70,-2.7061885214104544
71,22.128625620298443
72,21.472007802560615
73,-17.653676080535313
74,21.746887297665282
75,21.538335909380766
76,21.38331463964082
77,22.93152865506575
78,21.931315520477067
79,19.748410149757767
80,20.257703211998784
81,21.622719822053668
82,19.97640134708123
83,21.282842465121877
84,3.1779922438744155
85,21.536511917595263
86,6.3261616067558615
87,21.487278839936458
88,21.583528976125457
89,21.75548004086987
90,21.674943581657104
91,-1.9200201269836932
92,21.5418399909104
93,19.857320372814787
94,21.560310299895157
95,21.584160201372086
96,21.63042644844399
97,20.66026045907114
98,21.478953065484877
99,21.488129813002587
100,22.14533786459524
101,21.509687841825837
102,18.388986288037685
103,21.621225884316946
104,21.662394638861308
105,21.53119693633158
106,21.584086546271543
107,21.689568096867756
108,21.881774208551615
109,21.90582997883172
110,16.867168223482608
111,21.998152475388583
112,11.060949577635814
113,19.17198204956384
114,21.530521940235307
115,21.60061649573649
116,21.40446593971193
117,21.960038623675263
118,22.40870789837413
119,20.21389715901671
120,19.87911240867314
121,21.76541101701281
122,17.64106884481889
123,21.591504845661195
124,22.425911802959632
125,20.3186573557947
126,20.43903753058161
127,21.89816110302338
128,21.630215826197837
129,18.330014005922415
130,20.183120383199867
131,-22.475900771227064
132,21.678507035227195
133,20.086586494352332
134,22.324756296375647
135,21.765777335251116
136,22.1810920922832
137,21.628810197718675
138,18.507981415850274
139,21.622963757987606
140,7.387215130591707
141,21.724276113865486
142,21.879851023513478
143,17.09742384146146
144,-3.154414217930987
145,13.724659886357795
146,22.170097934263858
147,18.127474626332344
148,10.653795940963336
149,22.377304428376682
150,-25.23680382443305
151,21.47519089424433
152,19.888758171777113
153,20.01458365289916
154,9.056999392215074
155,21.76073403963478
156,20.603062733518872
157,21.80993603188266
158,21.84767767818228
159,19.910137237549403
160,20.899047852490767
161,18.015790220295987
162,21.90543033868763
163,-1.806331862223987
164,21.812227893032553
165,21.651376324398036
166,21.89951405153221
167,-0.7028745976620903
168,21.62018636601399
169,21.789352682014798
170,20.08369273856792
171,21.775958459806436
172,20.118195557532815
173,18.4704619152808
174,19.53122893577494
175,20.89266998060548
176,11.26202149478019
177,14.345574779225748
178,20.834825739600813
179,21.726639525169492
180,21.920810929081043
181,21.601813414869195
182,22.313143137221573
183,21.88371535586394
184,20.08724027432993
185,8.642706267129375
186,18.225146899910666
187,20.089287324952387
188,1.04600731950716
189,20.48960071334621
190,21.940759051605355
191,22.408118267585106
192,12.862985631099392
193,22.60295248012994
194,21.471726802705792
195,21.98870090112532
196,22.715552915214168
197,21.831428806686986
198,19.904171226921505
199,20.617695262870328
200,21.683475113436472
201,19.395431906544676
202,24.318119113812198
203,6.378370797529366
204,21.713669881712576
205,21.54272628400299
206,20.11801499187981
207,19.828055637043374
208,5.344546026894928
209,10.463389439621846
210,21.62921053727127
211,19.81319559371959
212,20.6594552524979
213,21.591997296489183
214,22.71362618154742
215,20.55774029611971
216,22.610227337991077
217,22.609263284294695
218,13.650596896793841
219,9.404395743699421
220,22.48151480087097
221,16.13465718788968
222,-7.265600798974291
223,14.183290816926704
224,21.7893492774139
225,22.023313830200017
226,21.71347582328705
227,22.092736110140457
228,21.95954740315133
229,21.61343661778914
230,20.930603962223095
231,21.965271957461233
232,21.97608828159408
233,20.11208324787464
234,8.07361903739728
235,21.85003559903953
236,20.30419432931497
237,21.556343067545274
238,20.578674848412703
239,17.94950752448352
240,22.227768314542157
241,20.45987384724386
242,21.685585268226188
243,21.568773124924874
244,21.77387626047201
245,15.059734063491643
246,19.7790491429573
247,10.40688776397455
248,22.117676778185803
249,21.715214611599958
250,5.398007375233263
251,21.67452070473886
252,21.537926334636595
253,21.812368652753474
254,21.95904444851251
255,22.002455244816893
256,23.828343348352163
257,20.097023360373868
258,20.05275155037337
259,22.18422937454431
260,21.800870433695458
261,18.38756314077374
262,15.076208678915522
263,21.89832256834282
264,-17.529074584039265
265,22.469979040764883
266,21.648089236041155
267,21.63037647735191
268,20.358670323930284
269,21.920550151617192
270,21.660806945852023
271,21.55304548221031
272,22.05992933880593
273,20.4274192651307
274,19.20335640861794
275,16.010426450753776
276,22.252950712644815
277,22.24701782012499
278,18.95391402579704
279,20.465207313869268
280,22.16062668699386
281,22.373248436592664
282,20.575064472012375
283,21.85299784538595
284,16.83315750649404
285,20.735286532984247
286,22.04830505733643
287,22.442981173102773
288,-0.7778556096939031
289,20.129363242737888
290,21.889007936488916
291,22.05797629495544
292,20.941557843518645
293,21.593847332269192
294,21.325535163612788
295,-24.65900437001229
296,21.8242058344664
297,21.796771827777974
298,22.145382441578292
299,21.810101919959042
300,21.61294960734208
301,21.642751364363974
302,17.70971275749031
303,18.785562970524232
304,20.431160907315814
305,22.44357696247009
306,21.55817695950667
307,21.51441340983434
308,20.968551188059646
309,10.51361654339729
310,21.008128958173224
311,11.289251568453771
312,21.86922950628148
313,21.689681511077026
314,18.93986135941008
315,17.21708202873113
316,20.455092460537102
317,13.94984510909221
318,20.79414104650011
319,21.828921499383778
320,21.90423846286606
321,20.293910772475407
322,22.32131534830787
323,-4.90946559313358
324,20.02870150237681
325,21.921401514442593
326,21.8293588370959
327,20.12661167679621
328,22.267869880986638
329,22.119346973684817
330,19.954392886376837
331,21.87347000338673
332,17.001660437430637
333,18.79509538305097
334,21.914369395045167
335,21.797185631677383
336,9.185875970715433
337,22.806844171068732
338,2.6714541226257964
339,22.118456415197457
340,22.03250052992588
341,21.469359160589516
342,-17.48609148483978
343,20.61432643749218
344,17.565005460270413
345,22.186542417195998
346,19.693790638471388
347,21.84227042349777
348,23.30735470678097
349,21.379410550846817
350,22.048423680233572
351,22.18278526432206
352,21.8704714890556
353,21.83917449856328
354,20.347232605781194
355,6.237801907479074
356,-14.504547577933858
357,6.265528922879711
358,20.365458175787477
359,3.0249449804280752
360,5.072317757723879
361,21.68004416780773
362,21.943625976363037
363,19.85856980676366
364,17.14607497298977
365,22.463382598548026
366,22.410649428679566
367,-9.685277311473541
368,22.041677930518414
369,20.973408692974466
370,20.27081412472444
371,18.811861092780937
372,18.59542939811736
373,-2.804297856928808
374,21.79982334082851
375,21.928083236431448
376,21.875238312471893
377,-1.131757144186471
378,20.71326877967089
379,21.884242365083907
380,21.700361627802366
381,17.13255825206502
382,23.22975467778272
383,3.825984145686018
384,11.191871342231936
385,1.0492712585098811
386,21.770913110843356
387,23.530411321366525
388,20.044023173012285
389,21.88498308844444
390,-5.485590648915825
391,21.614070648234804
392,7.191345065861787
393,21.706618917494563
394,22.025811666559612
395,20.64938928171317
396,21.51105355270146
397,20.221082725153764
398,-6.233033608576671
399,23.277849974555068
400,22.072406053625723
401,8.450405420776415
402,20.12192984003756
403,17.70722986945811
404,18.945075438556106
405,21.714122284574636
406,22.10691232926606
407,21.903942739433166
408,19.954157454758896
409,20.537301975339872
410,21.653926316185434
411,21.814370095839912
412,22.147544275391887
413,21.808924329292118
414,21.791481720716032
415,21.696309500752026
416,22.677944300534694
417,13.417952120504728
418,20.764083523193285
419,20.126051447789415
420,19.952028082429624
421,14.455289238324747
422,20.381632048520984
423,20.137012334324286
424,18.97311891516206
425,21.676331893970833
426,21.252608399075754
427,22.534652115308774
428,17.854949338855747
429,-2.2361004903858293
430,21.600501398605715
431,21.603755972613737
432,20.937492989600926
433,21.610799177884594
434,-29.2
435,19.37044445259761
436,21.646074056876124
437,20.136068934768353
438,22.085495961214466
439,-2.25679945402881
440,20.343717481694487
441,22.141955214661003
442,21.759003781950078
443,19.176847071161095
444,22.293906779199183
445,21.244308142945606
446,7.240294405900208
447,20.308780178399413
448,23.521400044099934
449,20.156468607698507
450,21.985657940907714
451,-5.5243315515514
452,10.452292134949245
453,21.851019229681924
454,21.925498848102837
455,21.58221583619993
456,21.750204414006852
457,21.78217836710962
458,21.407364334960114
459,22.645410052635743
460,21.830434675806696
461,21.724034430884565
462,21.445186140015583
463,11.439329056232886
464,19.01542844846512
465,9.271591386296604
466,13.863049843956077
467,0.8938366124426018
468,25.9220100256837
469,-4.8425588975271925
470,21.99866783085651
471,18.3262811638103
472,21.903393075441848
473,21.796315708596048
474,22.18855371248398
475,21.77096471883973
476,15.338169863303145
477,22.218521211716805
478,20.845275317707323
479,20.19888299000576
480,21.945295318582424
481,22.8936067018514
482,20.644183609692714
483,18.77761391802705
484,22.140855270621117
485,21.853876826188092
486,23.728622459024102
487,21.891898812004484
488,22.382039063954657
489,-1.3642595919271099
490,22.002443754439398
491,25.700567382177418
492,16.86507000472434
493,21.70553234353647
494,18.69293553883037
495,22.22139413020827
496,16.061386694006824
497,23.926875665739722
498,21.843716048773306
499,21.07740177558785
500,20.632679803636144
501,-10.542514798955505
502,19.05707832400396
503,23.53444853523922
504,20.7008593122737
505,22.056277604907077
506,20.358989222510665
507,23.565664491551882
508,22.62850884635462
509,21.75357434408044
510,24.166082814979323
511,21.98313358165194
512,20.46415920832607
513,22.28500263244467
514,21.92212553167894
515,21.828736269753456
516,21.93093940935224
517,17.30052617657473
518,20.825312102530635
519,21.868737194798296
520,1.5025033681650968
521,20.60492321685107
522,20.48838830189478
523,18.78246147452375
524,22.072409600220357
525,20.459821976544305
526,21.816774828405144
527,21.680145777681158
528,21.834714650034957
529,20.33523709822625
530,24.47326795526489
531,20.334260343222407
532,23.39805358338976
533,21.91545347387501
534,20.221249687815973
535,-11.883583393265344
536,21.173455111616605
537,20.198643748370472
538,20.07115837479342
539,21.582936347300286
540,21.9326256209763
541,15.98942490216205
542,23.143305211082197
543,3.8750672039212715
544,22.749707357791007
545,20.58076189993324
546,22.163071823566316
547,21.89189384557751
548,22.128373966523768
549,16.57770409490416
550,21.20376643422248
551,22.075474898096346
552,19.290329622125274
553,15.798088322822712
554,20.598973504676124
555,21.811240383318186
556,22.233323988165537
557,21.726103420505602
558,22.24055256572237
559,22.0031260785781
560,21.84850107682319
561,20.837419953641135
562,-4.085365435474769
563,17.034488711963757
564,21.805400057324768
565,24.41868856921619
566,-10.4841519102687
567,22.093178234471598
568,21.759672811693218
569,20.400312578008645
570,17.159020952608326
571,21.526617592751723
572,21.93308119537796
573,22.021387152226033
574,22.30324688625575
575,16.677700149539696
576,17.581136409535628
577,22.272881650907014
578,22.07278215110304
579,21.81656015404868
580,21.991516738805526
581,22.015728121734675
582,-23.171110608248
583,18.38533921173152
584,22.62598485826393
585,22.07098273422386
586,4.985812736998911
587,9.628664869308091
588,21.88684243580299
589,23.098824766381043
590,21.952504492288625
591,16.569528451203375
592,22.880611557191457
593,18.007469816650715
594,20.53164922263379
595,6.402693492593544
596,21.701490301439218
597,20.647390329479588
598,22.146842514477633
599,20.22667080219964
600,22.056709307307685
601,21.927053357851094
602,21.90218952067647
603,5.202765856673232
604,22.092599290020022
605,18.899884713511398
606,21.977110374928273
607,-25.065246030437915
608,21.84214752766121
609,15.762505648122985
610,21.791902892314724
611,18.92761583261616
612,21.808089687551238
613,22.26129522168198
614,21.971874822164335
615,21.788931622421366
616,21.712022926961623
617,22.412133720546326
618,20.136515801560027
619,20.067063473072857
620,20.075988505898675
621,13.929736067432051
622,20.385589564860872
623,18.318036831369064
624,7.594949756142526
625,20.17080060332293
626,22.330260675902913
627,21.944866762319904
628,21.755706446591024
629,18.7916318020615
630,20.04817362931195
631,21.681434100765365
632,21.98125342475231
633,18.89101622708799
634,23.680429722105416
635,22.552639286457715
636,22.405184017283705
637,21.836642679777633
638,13.44506569206548
639,21.925212346699716
640,18.18768484521558
641,21.136338511938025
642,21.994056231028917
643,21.978805195848622
644,21.11846635399485
645,19.864246113680373
646,22.26876914451003
647,21.965712902297533
648,20.048676968042727
649,21.966660939669545
650,14.187383286493713
651,21.7237212786695
652,16.131590382571414
653,21.76900527552122
654,21.410246062095098
655,23.117302708160814
656,22.607368236930704
657,14.993606749191173
658,22.19228591234061
659,19.830062358134107
660,20.26559458840621
661,18.939363489226714
662,21.822117819001683
663,21.89688008357213
664,22.075213105837456
665,20.048764967732968
666,20.245369919120492
667,21.76070122826043
668,21.922250151366363
669,20.41345511233994
670,21.765964500070467
671,20.096427707752213
672,18.033007424896546
673,-1.9632620102006193
674,-2.0542234137054214
675,20.292080666415124
676,19.963759465026648
677,16.404863602795444
678,22.218283010158036
679,18.817852147471974
680,21.958053077782576
681,8.000077195118314
682,22.136722340037426
683,20.757073482293624
684,8.202016645785159
685,20.41184239204454
686,21.840685584544435
687,20.34174524830406
688,20.196348066225667
689,20.25626383149966
690,23.943509264813724
691,21.233329539631928
692,20.295061898339
693,21.922091337665993
694,12.346297658791412
695,20.673074970632833
696,23.745555123222562
697,22.088738801996577
698,23.38384556459333
699,-0.0725716627959554
700,22.07473852973278
701,-2.902411850586814
702,13.26956836252032
703,1.3421454325355895
704,-4.370586354936172
705,20.34115181472723
706,20.68861718668597
707,21.0459640679635
708,19.99180093562312
709,19.29123179244255
710,21.892012303444655
711,19.47826890514478
712,20.936919576428263
713,21.7580265885749
714,22.681282107684158
715,21.924244150886608
716,24.650315163691964
717,21.945885683954252
718,21.983600211936498
719,20.11348855621248
720,21.996683005133033
721,20.494755596713276
722,-16.644891501913
723,20.213022918794415
724,7.977865142353227
725,-7.6601366683240535
726,21.753742657180528
727,17.653826129632264
728,18.48459151222861
729,18.489862657187626
730,17.892498960572333
731,8.961012610206481
732,18.993593577120418
733,-13.971306692761907
734,21.807098980895653
735,-3.1799695471091063
736,3.5452641382625023
737,22.01346339132221
738,21.94441760763227
739,-28.775
740,20.2313877027173
741,22.06248697585064
742,20.72006459021018
743,21.78481482921861
744,22.021053130940853
745,21.839755205070755
746,22.51044602460962
747,21.60374441828749
748,21.904763368174397
749,21.852249378814484
750,22.261135600438433
751,17.639017405960985
752,18.158566436501676
753,21.765717231054964
754,19.815456334592135
755,21.621550603686742
756,21.951678071661817
757,21.7462034329495
758,20.15911419044844
759,20.93518315268232
760,17.57666415603751
761,-28.86074379323371
762,22.290149199460966
763,22.142545257853612
764,20.667721699267137
765,20.138202881157223
766,21.965247301195383
767,21.830260312805063
768,22.166382810769264
769,21.960245385011287
770,18.342238452328125
771,20.25411722274219
772,20.41537063846889
773,20.630112700728052
774,20.448181629400086
775,20.19768334333235
776,12.807553086265557
777,22.20355045595874
778,21.948197208405023
779,21.95665506969
780,20.035818404829783
781,18.698867521460414
782,15.906714841224698
783,22.736986810132027
784,22.40283106809673
785,21.881758549225058
786,22.631017597624574
787,22.40112591226249
788,20.050251465861393
789,22.4594916502026
790,22.28261798653316
791,15.234338227722876
792,20.335236418054638
793,20.5516902059874
794,24.749637275503364
795,22.55744015161742
796,19.74116568548238
797,15.097873646961162
798,22.481906950066637
799,8.429506346898076
800,17.004398186286863
801,-30.0
802,15.733929166348105
803,19.32977465011315
804,19.79535158619372
805,21.641241899689632
806,20.51532705005286
807,22.269313555156756
808,17.647879003255888
809,21.93036272981392
810,-30.0
811,22.372452157454084
812,22.228178368494174
813,19.98173150546008
814,22.033371159624963
815,20.3464397053661
816,22.604834984594312
817,23.6356977314704
818,22.604454095112203
819,21.946578769068097
820,-3.9770951514382533
821,12.763047742013542
822,22.46740849875856
823,21.826405893576645
824,21.794606286795837
825,22.03457896682379
826,20.07199542897027
827,20.71534527280572
828,18.430528975997035
829,22.635713437881293
830,23.028035400478906
831,22.11517648644697
832,22.107094790724624
833,21.819338225109103
834,21.633879022943105
835,21.96777504441021
836,21.033499725682024
837,19.826559672924535
838,15.003970502816934
839,-3.087463193906232
840,21.70528265943042
841,21.9378159580364
842,-6.459829546759484
843,22.214530504021976
844,19.978557388173424
845,22.233806191154624
846,22.112739977239602
847,-2.182954857254864
848,21.855674187296188
849,20.011609018892734
850,23.89454517246204
851,22.11070125130372
852,21.573290320139375
853,9.925386919041937
854,10.860036517712132
855,21.585414817014016
856,22.066426447411054
857,20.243201794114952
858,22.219924640017375
859,16.175169117707547
860,21.882416125088426
861,9.957845634010685
862,22.0507712880901
863,20.624554319795198
864,22.38484671180385
865,20.50053173041691
866,22.602754512061605
867,21.83886160267531
868,22.607936331785744
869,-30.0
870,22.507829284391356
871,23.576954934702727
872,18.29816418070911
873,22.94595531815741
874,22.74966425345564
875,21.80066446239285
876,22.077750372368577
877,14.468041187147293
878,20.31021682699058
879,16.94687667116917
880,22.046038679227085
881,21.644873686094314
882,20.45052010372987
883,20.24494936567263
884,21.942404606894915
885,20.45417903008933
886,22.746232680900984
887,22.505642104343835
888,13.29797816641125
889,22.18285636797178
890,22.41325591938513
891,14.55951620090077
892,22.034719306237395
893,22.446412775485996
894,23.014561726713413
895,22.86996202253115
896,22.43267178102147
897,22.509761049398747
898,22.438650255910332
899,23.765699975975302
900,6.500543433231685
901,22.42073728070185
902,22.257711914510683
903,22.102916968258196
904,18.375903165602804
905,-6.146008974932872
906,22.395053398671696
907,21.977936187952935
908,22.210978788074502
909,20.265880212118475
910,20.55862824863246
911,22.442399907027774
912,18.60100351113261
913,22.56034426065188
914,21.73696210063359
915,22.08334585013228
916,16.541719938131767
917,19.216866437574346
918,21.477445272414926
919,23.025752281259013
920,20.130485868389066
921,22.78505763842362
922,22.745980342447965
923,-30.0
924,24.056330278349538
925,23.377601081604546
926,17.808033236260588
927,22.93024688281741
928,22.34537325059449
929,22.34987945253572
930,22.345120379989417
931,22.83378400657858
932,22.241103248870957
933,23.2738907242907
934,23.7278908155577
935,17.524725260495472
936,16.789951012693017
937,22.228011577423494
938,22.346427493629484
939,16.889732851793738
940,22.15831511310774
941,18.5869733970694
942,22.4094036186619
943,20.643116125554652
944,17.65340248703137
945,20.23097245248668
946,20.987022160463574
947,21.934349377246512
948,21.714688443510628
949,16.842470261162557
950,21.69004176382331
951,22.434480677193978
952,20.60016323633589
953,-30.0
954,22.41538870401061
955,19.051256348914556
956,23.58810786026922
957,21.60510559837764
958,-28.83549627978889
959,10.210904256138628
960,19.30009680082801
961,-28.12705636252585
962,21.6489053743317
963,22.330056072925473
964,18.466292515594173
965,21.674548381259353
966,22.07389299406126
967,20.48692395398116
968,22.543307537373423
969,22.401873663716742
970,21.769209946260734
971,22.01549686877657
972,21.986805009955628
973,-26.671126427481944
974,-28.10224027829632
975,23.0342086173999
976,22.054809681594346
977,20.910429377232266
978,5.9667842324969795
979,10.111556666039096
980,21.10672835869341
981,20.186605611110913
982,22.722305453244314
983,20.547461847792654
984,20.495089344037613
985,22.98415012247089
986,20.37082897058657
987,3.6683766286865924
988,22.329318428252595
989,22.228252123983058
990,-28.27577901392608
991,20.94996999237021
992,20.9525920077183
993,20.402648300098218
994,22.672404398698582
995,21.546602742937274
996,22.271603306096008
997,21.868133885395363
998,19.55867978298497
999,21.942033945764344
1000,21.882392160729864
1001,22.685329826192287
1002,14.286370706757594
1003,16.08946775852688
1004,17.082159544865835
1005,20.424219782093143
1006,20.175392543653658
1007,16.197265427319717
1008,21.866774741691543
1009,20.880066638756077
1010,7.37694275530805
1011,12.925055752790357
1012,22.052080481624074
1013,17.229813545555423
1014,20.525944871420364
1015,22.115788712846097
1016,-30.0
1017,22.100530669263613
1018,22.56170154666594
1019,21.863529278701456
1020,-30.0
1021,18.551206611757326
1022,17.2002860574799
1023,21.678762746602942
1024,18.22490628206331
1025,20.672089545170465
1026,20.785338529716213
1027,20.77122928175798
1028,13.328671057322403
1029,21.59067387428456
1030,7.122789441824511
1031,20.340024386210672
1032,21.72907024409856
1033,21.995558491915506
1034,22.41626984521846
1035,20.487178073746684
1036,20.565776952924345
1037,19.401522034811475
1038,22.08595887836016
1039,22.15345642059606
1040,23.163442030327914
1041,20.866560814399527
1042,16.928377563126222
1043,21.81068568292611
1044,-30.0
1045,21.948102995293272
1046,20.538261152138247
1047,19.15157962772583
1048,20.935968650542723
1049,22.295415860119213
1050,20.420804781141364
1051,22.05858998088051
1052,22.159356958709225
1053,20.51221710466254
1054,22.85762416635891
1055,21.881439148200357
1056,15.69632043979703
1057,22.14527939558669
1058,-30.0
1059,21.31158398332321
1060,20.477248201681096
1061,14.878175219414757
1062,14.12720200540145
1063,22.50511880113869
1064,21.956126823690177
1065,22.109726510888244
1066,22.287499436063552
1067,23.317095972564143
1068,20.643876310353228
1069,20.021768057516123
1070,21.925395959980634
1071,18.980653647196075
1072,22.669046620681797
1073,20.25532801715607
1074,21.064057463289398
1075,15.251835610384216
1076,18.98695538802046
1077,21.73108190450622
1078,22.897572944778016
1079,21.13007350855346
1080,11.429912175181174
1081,21.088511028013926
1082,22.26573387320175
1083,22.425558685385024
1084,22.20322021558962
1085,22.401899929696143
1086,22.681391505644132
1087,19.300441351598124
1088,22.305344694313895
1089,18.930387115014742
1090,20.181401810130637
1091,22.491598508646213
1092,19.755879243314208
1093,20.553204902402765
1094,20.22549608634219
1095,21.752501239882353
1096,21.91633404169196
1097,21.782454439434055
1098,22.18982895593874
1099,20.264403089110033
1100,19.0261992979643
1101,20.500825798224664
1102,20.66555497674449
1103,20.971164256387244
1104,21.878677740426898
1105,22.304386974278813
1106,21.428638992022286
1107,23.283615504584155
1108,22.58443405661777
1109,22.551729398480646
1110,22.3824237331155
1111,22.594337212507295
1112,22.37130171780051
1113,22.50437367148591
1114,-30.0
1115,20.383962274766027
1116,21.993933782669384
1117,9.32821343392599
1118,21.05569393867492
1119,23.60585384821698
1120,16.37304749166621
1121,22.872435245895325
1122,21.58212377219449
1123,18.84807664229354
1124,-4.43099561001255
1125,23.57154973015526
1126,19.092790423749435
1127,20.423335184299702
1128,22.752438550243536
1129,-30.0
1130,24.78630706034983
1131,22.739616915097
1132,21.071133657484427
1133,21.796026210449117
1134,22.995011504545083
1135,22.385770019710343
1136,21.033783058963742
1137,22.454191776963356
1138,20.131319896700838
1139,6.751878653449379
1140,22.51882873976372
1141,20.300539180523455
1142,17.32880606522548
1143,19.190456005447086
1144,18.889888985186257
1145,9.690976370331725
1146,22.876470778061535
1147,20.093208906045327
1148,22.156650176110826
1149,22.93046907509825
1150,22.71546724379077
1151,21.96678524883068
1152,22.282958768979217
1153,18.79639006205928
1154,19.705626568547643
1155,20.63291408461324
1156,21.72507463585873
1157,6.731814187619244
1158,19.12548223505942
1159,21.14045450730929
1160,19.170914724281307
1161,22.43323636635256
1162,-30.0
1163,22.416311574854564
1164,22.909172679029584
1165,20.596555248872125
1166,18.666019681453385
1167,20.43895685724619
1168,20.521027242211733
1169,21.944895094465025
1170,22.516793479004384
1171,20.095343230065566
1172,7.704750129882752
1173,20.57504109313421
1174,22.474362507942253
1175,23.340803080438803
1176,19.95016322059895
1177,20.258382010479846
1178,20.40860110126173
1179,21.77616709318459
1180,22.742122661842522
1181,19.54220172715599
1182,20.75786619289434
1183,19.91785989610978
1184,25.470709501442784
1185,20.714571493177672
1186,19.47931273264174
1187,22.522869100096795
1188,22.33823149885913
1189,20.474739797616962
1190,22.77998999289503
1191,19.29129666667354
1192,20.028482137042875
1193,16.24301219573077
1194,19.983119451093295
1195,22.711662100007995
1196,21.679331988800637
1197,22.205015585600805
1198,20.137577308444353
1199,21.083897830740266
1200,22.089326055934283
1201,22.334093413153525
1202,-11.321593608642452
1203,21.14358649851742
1204,-30.0
1205,20.936292560618572
1206,21.38328912785558
1207,18.451012051713597
1208,24.28525884543282
1209,-30.0
1210,20.814710374630575
1211,-28.00445639462853
1212,19.38069594094265
1213,19.609911961964144
1214,21.24389093433879
1215,20.520822878746294
1216,22.679030752596717
1217,18.860896328939887
1218,20.435592005848736
1219,22.462669898423698
1220,17.411311415055728
1221,20.006762139277505
1222,22.528961703886406
1223,20.756420272280042
1224,22.407955587375145
1225,22.419532567914217
1226,24.124272543038835
1227,23.006520274181597
1228,20.956601712209803
1229,22.731164308924598
1230,23.483140096793925
1231,21.059862045522422
1232,22.076083834272175
1233,-13.377479781454175
1234,19.804127225834392
1235,-30.0
1236,21.74031507872233
1237,17.311227425415115
1238,22.892429313225083
1239,18.705717117610167
1240,22.662298659204264
1241,20.008626134452108
1242,21.8388200316962
1243,19.295722877544048
1244,17.42501957905497
1245,22.627156089074482
1246,21.442398740809836
1247,22.62139764248024
1248,21.011187378438944
1249,19.883255361493898
1250,19.405962342765534
1251,-29.2
1252,21.713469691866997
1253,22.58549477251936
1254,22.218725456947176
1255,20.126628861139267
1256,17.84358573018955
1257,22.174593434063212
1258,20.059441876271826
1259,17.287759875780882
1260,23.09431939385345
1261,20.325955005738834
1262,22.226073342040774
1263,22.20265555331588
1264,22.208461268715116
1265,21.645379389634893
1266,22.423127812019786
1267,20.837733346195392
1268,11.501243739829047
1269,19.097045340160363
1270,21.60910673134732
1271,17.99059326493847
1272,21.254203462077196
1273,22.289850431490354
1274,13.726278715583181
1275,21.745728232375768
1276,20.204142833987483
1277,20.64726998117806
1278,21.195047202761
1279,22.737833388764336
1280,15.675385175173323
1281,21.96987340600096
1282,19.1997635975376
1283,-29.2
1284,22.206240083572517
1285,20.716390186541233
1286,18.945115352293897
1287,18.236918685554024
1288,16.24972868539625
1289,17.736876209799515
1290,22.83452647767047
1291,22.99258134284435
1292,16.89315372168103
1293,2.2955038315598086
1294,20.541670387742084
1295,20.45091612568239
1296,-30.0
1297,20.497777580795567
1298,-28.70230454552101
1299,3.3283509033126837
1300,23.554006551295117
1301,22.386881574866663
1302,-30.0
1303,-30.0
1304,-30.0
1305,19.221845167335715
1306,22.541684527178866
1307,21.92213600494638
1308,23.062127501196127
1309,15.946368848958235
1310,22.398827296824347
1311,23.078425177419486
1312,23.313717692229158
1313,-30.0
1314,21.633114224492026
1315,17.87405526402616
1316,23.09171409505252
1317,22.970698591730372
1318,21.28196876313827
1319,20.001816013582726
1320,13.112862567455924
1321,20.423644954329255
1322,20.87826654686556
1323,22.484785893221876
1324,12.806780078660003
1325,-1.365888500460725
1326,22.067747665244838
1327,21.27410898662202
1328,23.001866231187822
1329,19.50944231183378
1330,23.95084129013694
1331,20.68137256481204
1332,21.384323493409354
1333,20.757900060539583
1334,-30.0
1335,19.437901223955965
1336,16.837776674297064
1337,23.604610566786516
1338,-6.956079579795925
1339,22.565536798821043
1340,24.29913537250483
1341,19.048464736273793
1342,20.44356834189971
1343,18.550629367744058
1344,24.278529575405074
1345,20.437215744968274
1346,23.004119827379608
1347,22.67686011848845
1348,22.072541392897033
1349,14.168878194590949
1350,20.30457885160041
1351,18.581339960514747
1352,23.473235922359336
1353,22.147521015983177
1354,6.289967746936771
1355,19.27447856920319
1356,18.972545332019376
1357,21.381361031695093
1358,17.223235298104928
1359,23.27416275567453
1360,17.1233458873233
1361,20.320050103623117
1362,22.946879834731924
1363,22.205822815943552
1364,20.475654607900243
1365,21.755469081540905
1366,20.74969086586404
1367,19.019865113725434
1368,22.24218476321751
1369,20.116771645999126
1370,23.92117037066146
1371,20.593828979280943
1372,17.468354726091235
1373,15.542188123826316
1374,17.027742328751103
1375,19.070642391173898
1376,-20.434806288031833
1377,21.728274384269756
1378,19.626329727837124
1379,24.050552206433384
1380,12.31413452842855
1381,7.909422031967446
1382,24.13887880853883
1383,10.464541967816494
1384,22.410415761915406
1385,22.518392563492142
1386,14.427567675291822
1387,23.965942646520062
1388,21.1280752214379
1389,21.740967376697615
1390,22.910642334785045
1391,21.37924145879946
1392,22.777797006247976
1393,-30.0
1394,18.454665188726594
1395,21.711570206006183
1396,-3.129022440977952
1397,21.822465155493784
1398,18.963537422885985
1399,20.96567583652646
1400,23.19305992621036
1401,24.15467082223524
1402,-6.01925908062138
1403,21.48505053111424
1404,19.119691771317257
1405,23.930074843746606
1406,19.179861967991954
1407,24.320624231219544
1408,22.0552255317459
1409,18.17795477656166
1410,21.454783099122377
1411,22.914519244762865
1412,15.494939896671506
1413,22.310784644000805
1414,20.729205212396906
1415,21.052367359701478
1416,18.112347911360942
1417,22.318934558977986
1418,20.997843191021495
1419,-28.78541137701138
1420,23.007172745827358
1421,15.055985352655124
1422,23.742601977201268
1423,19.24087911384855
1424,19.93017405859343
1425,23.73011889880986
1426,21.07918757961351
1427,17.131904250285213
1428,21.564616494886206
1429,19.38938668730239
1430,19.69894209226221
1431,20.352518526711034
1432,23.088100836483285
1433,19.828916815114376
1434,22.2410142337832
1435,16.03206312150331
1436,16.77417808753757
1437,24.033816001498405
1438,21.266770952621716
1439,3.782551611131531
1440,19.699474698101806
1441,20.62493428372229
1442,5.512087023845639
1443,22.11576756019859
1444,24.297800821952606
1445,18.924991524649634
1446,23.81460653391028
1447,19.275361122276326
1448,20.876742691651128
1449,21.801807084039186
1450,22.33811695646164
1451,23.725666212424688
1452,19.085376728565343
1453,19.75489877828042
1454,-30.0
1455,20.11002581170509
1456,19.87096226167051
1457,20.35892008491392
1458,23.602640842616932
1459,20.600402199958822
1460,24.092730634399192
1461,17.48354982343159
1462,20.92375316460705
1463,21.15310656260174
1464,14.222975517793845
1465,19.365573533082742
1466,19.459317467202204
1467,21.665127732440496
1468,19.133802990982833
1469,23.991780243436683
1470,24.4334215249233
1471,-30.0
1472,22.565658678802436
1473,24.208151686875837
1474,21.676657825471565
1475,20.268024810031996
1476,23.103043132557765
1477,24.401025233728607
1478,18.142216563419883
1479,-30.0
1480,24.9210822925433
1481,22.940483526316225
1482,21.246931640126164
1483,22.565969120216394
1484,24.433556858560095
1485,22.268848172260633
1486,21.091463877030463
1487,20.441443930595913
1488,12.389062004411983
1489,21.781982540727505
1490,3.2594683713671806
1491,22.154865638787577
1492,23.736880355792785
1493,21.27780732457851
1494,15.751484233420221
1495,19.746389370467853
1496,22.86727121718997
1497,5.717079758623832
1498,22.406897637594135
1499,22.3790814574273
1500,24.267235008045585
1501,18.928306705694443
1502,20.07208107192648
1503,18.709070320518695
1504,24.12124406564346
1505,25.197366322042793
1506,25.080279713630993
1507,19.411550272230752
1508,15.621413326499844
1509,22.014949170957973
1510,22.142929244635017
1511,25.18444978874138
1512,19.156685317218415
1513,2.6353191120103645
1514,23.597367406856964
1515,23.1737859521285
1516,25.180767984021063
1517,22.242837768811743
1518,21.952153064394697
1519,12.742811051078014
1520,23.40241153545271
1521,23.431352494837
1522,23.025140371426037
1523,18.36939304232598
1524,22.41451136902286
1525,18.806126726865056
1526,10.073879690448145
1527,-10.287875890299597
1528,-0.1748174037236192
1529,23.933796484526543
1530,-5.940656104670115
1531,9.2049690109486
1532,23.965310976202787
1533,18.194518646601637
1534,16.18226512033519
1535,24.443128485250973
1536,19.91249540581452
1537,-29.2
1538,23.619362894874012
1539,22.502469691150303
1540,2.4824387963671026
1541,24.071349674727706
1542,23.881817137556524
1543,-8.928787626769145
1544,-30.0
1545,20.188606130368697
1546,22.30419784698007
1547,9.84076193544373
1548,21.91344293620624
1549,18.7664868990458
1550,21.534913722973997
1551,23.475885913980427
1552,19.76522524571865
1553,21.46210839378177
1554,19.430378143125072
1555,20.888375014073546
1556,22.34728140751185
1557,21.64540690922805
1558,16.790956322506563
1559,21.630453216783263
1560,20.734024293734944
1561,20.061920212222116
1562,19.477996588811028
1563,20.932982373232296
1564,14.923292157073245
1565,22.147396741706434
1566,19.55046884079327
1567,12.026407748243887
1568,-6.690824966974334
1569,19.37289652942892
1570,-0.09704240955384003
1571,-6.42967504366706
1572,5.8738424778700065
1573,19.900127002795514
1574,18.675399192623214
1575,21.566119396971686
1576,23.933023092722884
1577,-30.0
1578,21.434267838536208
1579,19.66656603950453
1580,19.022182595990902
1581,21.441075109196383
1582,22.94471569675347
1583,21.443165822703683
1584,23.127791363647553
1585,23.26146382477853
1586,-14.535840581975968
1587,23.124813032330447
1588,21.67002973568651
1589,13.344013215101777
1590,19.673413598726704
1591,21.063867138727158
1592,21.022533670689437
1593,16.80274818768726
1594,21.041057454275126
1595,22.135879256549792
1596,13.475341165047132
1597,22.089548978355097
1598,3.710911916139123
1599,20.305935002065322
1600,17.566893257674455
1601,24.11788786990461
1602,22.515014533403022
1603,22.82909151794293
1604,20.54826301491807
1605,23.265829601289937
1606,-22.71047287790093
1607,-28.602083038472806
1608,22.176516474978975
1609,-12.628170923222555
1610,21.419983559443946
1611,20.67708318541122
1612,21.722197382900404
1613,22.034977962811332
1614,2.68188462668497
1615,10.131538698845196
1616,-30.0
1617,22.076057590297086
1618,-30.0
1619,21.71965307202508
1620,22.012390235145062
1621,-4.613084067222728
1622,16.222796826175408
1623,18.167199450992282
1624,20.52866601932191
1625,19.276744851452307
1626,23.022708112668802
1627,19.12449584112273
1628,-30.0
1629,11.293734746651928
1630,-30.0
1631,18.141221026477215
1632,22.03716402739505
1633,19.410946480375955
1634,20.52972412874805
1635,5.242622241004122
1636,-12.939241462692866
1637,-0.20788648058509906
1638,18.53641790400161
1639,5.93833022895651
1640,22.167028257030502
1641,24.300349573226764
1642,19.546878964298884
1643,3.6938746936983318
1644,21.979752847224958
1645,20.86776256027798
1646,18.30856800503938
1647,11.816947642308534
1648,18.68411041020878
1649,22.614518900360462
1650,21.90568937664606
1651,19.020315500878
1652,20.227819565564587
1653,12.401290477759595
1654,20.44095032220464
1655,-30.0
1656,23.087148630279035
1657,20.65537228880359
1658,2.621569697322315
1659,-30.0
1660,-1.6225843778473594
1661,20.600509060797716
1662,24.06831308164395
1663,20.973377806287747
1664,-30.0
1665,20.34467247937036
1666,22.252188316448738
1667,20.989024096915944
1668,-6.491908220069437
1669,18.798280459394835
1670,-30.0
1671,21.95471013105626
1672,23.5523814189741
1673,19.801107429516634
1674,20.47895098539705
1675,22.908635733754608
1676,21.875141403902557
1677,22.915999239358413
1678,24.054077380709202
1679,20.631198454706926
1680,22.45036346539911
1681,19.558441047685754
1682,19.256236033896457
1683,21.180255429641925
1684,24.801457756464707
1685,23.530062685573586
1686,22.69296020731514
1687,5.306118884246837
1688,22.372449988079588
1689,21.78906456432741
1690,19.761677982286244
1691,21.76628185171465
1692,17.627410264075486
1693,22.597362123765024
1694,21.26737244029676
1695,22.606823784526483
1696,-28.014393055642778
1697,19.99205242391016
1698,22.97787214117534
1699,24.694842299496514
1700,18.43011534339527
1701,3.46043256286741
1702,23.50702996183993
1703,22.27136222987847
1704,17.48923618635569
1705,18.60131824186422
1706,23.751207000946692
1707,19.830608422089032
1708,21.064955745741923
1709,23.490113366397452
1710,22.825688945329212
1711,5.2833828065929715
1712,22.18829485661213
1713,18.48217000144639
1714,-30.0
1715,20.44174725667458
1716,21.32146579245796
1717,20.415285273488756
1718,14.795128871300449
1719,20.928036562225397
1720,21.500245523834487
1721,22.832588309749458
1722,19.798465257196295
1723,20.186503002817105
1724,20.90562936366825
1725,20.78630133069741
1726,-30.0
1727,-30.0
1728,21.531109893130452
1729,24.070834115570168
1730,19.338028420331405
1731,22.052688497810745
1732,19.25434281251801
1733,21.281831150071746
1734,21.47911766487754
1735,12.926336260241364
1736,17.478076703383174
1737,20.97007904917571
1738,19.084260414512308
1739,24.082277515404876
1740,19.911966855322788
1741,23.488197182436746
1742,4.411893450010599
1743,-3.859663599170415
1744,20.870723893374198
1745,19.54107529433714
1746,17.95130525180963
1747,20.47926239996322
1748,22.867732564229488
1749,19.901579467195727
1750,23.089690679954764
1751,20.793716986596788
1752,21.613959784971893
1753,17.166984883198825
1754,21.024758669047124
1755,23.285354430727676
1756,20.91112939737506
1757,23.713751071710846
1758,17.849164305333996
1759,16.12379013508977
1760,11.796748739522382
1761,24.797445663458976
1762,-28.093918860847452
1763,22.432385303389946
1764,-12.127817121579845
1765,21.01600921477232
1766,23.561720433017122
1767,20.242040134650882
1768,19.499791998830148
1769,21.871375232179727
1770,22.34922592613502
1771,20.36323635415272
1772,16.722900878137846
1773,20.974814549594843
1774,-30.0
1775,21.767247884930338
1776,19.13786146564609
1777,18.35330308822568
1778,-11.94114819829864
1779,15.272496564432311
1780,20.57445739364722
1781,23.812045967063348
1782,21.234739306891903
1783,-5.347799067861195
1784,18.832235183558453
1785,21.66326751691742
1786,21.728053866043062
1787,22.98207003902357
1788,21.524200947729287
1789,10.65118246341045
1790,23.4998738410624
1791,22.91828526625448
1792,20.308951638124892
1793,22.557078704349788
1794,6.8429803035673675
1795,21.89220563033783
1796,21.669589134318308
1797,21.90951440473727
1798,20.18411122477631
1799,22.903734911242637
1800,9.24548025060071
1801,23.681525132185875
1802,22.85578629660572
1803,18.54195475911648
1804,16.891451719077217
1805,20.5364074257869
1806,24.25805946714993
1807,21.726978780577994
1808,21.77139274863487
1809,21.78970332771975
1810,20.179562934979486
1811,9.192641960280318
1812,4.679280845128869
1813,22.023951248691983
1814,18.252482569801714
1815,21.662628108370978
1816,18.448810229166455
1817,21.96874675159264
1818,20.819713988179856
1819,3.1581462981338935
1820,11.093053114359344
1821,21.52396618247039
1822,9.211092244762996
1823,24.8033845753249
1824,20.535624990700597
1825,20.99356176288822
1826,18.36227290315291
1827,19.082999553851927
1828,22.069467172133113
1829,22.381018391329828
1830,20.440715771753798
1831,21.249637567015636
1832,12.155412972285454
1833,22.026306443209247
1834,-30.0
1835,-30.0
1836,17.15646537172847
1837,20.110910438255406
1838,8.591855901781063
1839,21.060617997451235
1840,22.32293288224334
1841,18.433974933436485
1842,24.18053956701176
1843,20.226819116096564
1844,21.534555435012816
1845,22.867421465294264
1846,21.803678853444968
1847,21.724036910190364
1848,22.240617745242606
1849,20.845125535221186
1850,21.780007180417627
1851,15.089339049661696
1852,22.41215442677793
1853,23.377936248074473
1854,20.010209645508297
1855,23.02431329707479
1856,20.1949087240487
1857,16.76015406096001
1858,20.752978393244504
1859,19.960254581377484
1860,21.31291599779306
1861,-23.41725172851766
1862,21.797548042380804
1863,22.298479050560193
1864,17.631311411811
1865,19.835004897782525
1866,20.490156788665892
1867,10.396050699634243
1868,19.37190551750158
1869,21.11331784207184
1870,23.82700105309824
1871,20.048605155902372
1872,-30.0
1873,-30.0
1874,21.171254188054817
1875,21.420487545292772
1876,22.05034770744
1877,20.337561873944022
1878,22.153439480507934
1879,1.4795251651051664
1880,17.140369841353717
1881,22.31093183083713
1882,23.014369057001087
1883,22.864483552813667
1884,21.70694019546352
1885,22.72686086290334
1886,22.728370487428474
1887,23.67805508778463
1888,22.650650489983185
1889,-26.10103057010635
1890,20.07547479637835
1891,19.918231201523174
1892,20.021363110485904
1893,22.723189414827416
1894,18.88259336975027
1895,21.771102938541585
1896,7.3039471184020766
1897,18.099840147430587
1898,22.35351796357262
1899,5.404928432711532
1900,15.088823233233612
1901,21.61859025501204
1902,21.895474367800954
1903,21.373481644889676
1904,21.457103461102403
1905,10.564561651971914
1906,22.397784032990625
1907,3.7129662958442555
1908,-30.0
1909,20.596779017832844
1910,23.277367334077155
1911,20.420259460225736
1912,-21.391263541009415
1913,21.649485661466485
1914,21.841005414139374
1915,21.549457616127583
1916,13.571660967651024
1917,23.284647470980513
1918,20.465523255258542
1919,21.23007846190508
1920,20.633658880124923
1921,22.185960648710854
1922,20.766206843834382
1923,-27.69659195450509
1924,18.01498059014681
1925,23.028034863073536
1926,1.8653320045386608
1927,20.396823356525292
1928,21.22572126355021
1929,22.830371392841123
1930,21.540937189092983
1931,17.47266455537174
1932,21.32485038451681
1933,22.79177331124991
1934,21.651746410847903
1935,22.170502683181148
1936,20.677821786839427
1937,22.284587350199327
1938,20.31786680065487
1939,16.247050603274264
1940,22.527193109380974
1941,20.630506936162362
1942,22.1448729846312
1943,21.785075245545
1944,20.477139794388115
1945,21.86560414422165
1946,8.093478680534474
1947,24.12144136045987
1948,21.16494852908555
1949,21.813843566686742
1950,23.743488132818552
1951,18.71918013252342
1952,19.304546309337116
1953,20.600577020942275
1954,22.42431387670108
1955,-30.0
1956,21.945892037726406
1957,18.598812276246665
1958,24.21325116514778
1959,20.504136870219295
1960,21.068190410322465
1961,22.067052562361646
1962,23.367596797100138
1963,-13.17930658408905
1964,19.45882649877875
1965,20.302129473659924
1966,23.17385794611767
1967,22.27341118119832
1968,22.2797954681262
1969,20.70214110628358
1970,21.705766213047596
1971,19.873979992443516
1972,21.64045986050808
1973,-9.877427121453264
1974,-28.149019217324128
1975,16.202079116992596
1976,8.260503072227074
1977,12.001344332093002
1978,22.80567938426348
1979,-30.0
1980,22.119309562207697
1981,-30.0
1982,21.052970675280637
1983,20.673074763205886
1984,23.516336575280118
1985,9.188960298288354
1986,21.775460402923137
1987,24.010633049864097
1988,20.990867335142603
1989,17.209460139451952
1990,-28.05095835559785
1991,-30.0
1992,22.700346442147236
1993,20.385313574486293
1994,19.705264134520466
1995,20.740185818413337
1996,22.007250949662428
1997,23.33784056207773
1998,19.653794258806712
1999,7.383958161474865
2000,19.350664527927794
2001,-30.0
2002,17.507508350577613
2003,11.77772548553475
2004,24.64848871926556
2005,23.766301270134438
2006,21.86427367501113
2007,19.624488256359093
2008,20.62443233327998
2009,23.58467130372433
2010,21.876441932724887
2011,10.182809005590588
2012,-29.132195084954287
2013,22.483219987731157
2014,16.946880639145846
2015,13.017181474076384
2016,22.372858762126846
2017,-30.0
2018,11.062466574751076
2019,21.14120155540341
2020,18.593868134070913
2021,23.069241135550524
2022,12.539854644365958
2023,23.990092950432786
2024,16.967297574774015
2025,15.596745473960713
2026,13.33640732807665
2027,20.27658921825567
2028,15.198424971995973
2029,24.007000444592183
2030,17.757921117557192
2031,21.559616630509975
2032,20.389569375184628
2033,21.220628195295664
2034,-30.0
2035,-28.039157429195676
2036,24.77974581589417
2037,19.92084783255312
2038,22.20823320421396
2039,24.33788085740963
2040,19.123089898878785
2041,23.01157370849056
2042,18.346416601271358
2043,18.437334032688405
2044,23.158449781067738
2045,23.2917707768776
2046,21.572510415424183
2047,20.12680676497527
2048,22.527423670712416
2049,25.778878050959843
2050,22.13576108296647
2051,19.48765507133427
2052,16.880617974714326
2053,24.45406016617623
2054,18.45738487875684
2055,21.574812530696388
2056,20.381872035182827
2057,22.32187091785102
2058,14.460219993425612
2059,21.494671706234453
2060,20.197591132873754
2061,18.64077227582993
2062,18.037100517632137
2063,18.4796899579339
2064,23.762787704415448
2065,7.97909297264529
2066,20.668031787968477
2067,22.79934160596461
2068,21.82451174759852
2069,16.85234838836806
2070,18.208828915341616
2071,-28.81239340511305
2072,-30.0
2073,19.834099327842328
2074,16.76194393688257
2075,22.75867369417908
2076,-30.0
2077,16.896670966406482
2078,22.036552333213375
2079,23.311630668692388
2080,22.74852026817794
2081,20.119402632537437
2082,22.00743683837339
2083,20.028001027509294
2084,18.609898507098475
2085,19.572942876274592
2086,19.46629764041182
2087,21.569049553060015
2088,22.859094913607493
2089,21.02839289551391
2090,21.760075105151394
2091,21.51879661798993
2092,19.812200042327948
2093,20.86313842161789
2094,23.317002279725443
2095,-30.0
2096,23.641019656041856
2097,22.712962336154455
2098,18.552120301225056
2099,22.85425462251847
2100,22.448749902852313
2101,21.696651941093652
2102,20.749537712682223
2103,23.474259209036074
2104,-28.127882072813662
2105,22.93013463318899
2106,20.514325798077877
2107,20.39794625692188
2108,24.161284699762735
2109,21.409551931695013
2110,17.072988430099073
2111,16.16213035991912
2112,-26.12171408450275
2113,16.97067340855112
2114,-30.0
2115,5.627237701813239
2116,20.54901352578949
2117,19.571351059348725
2118,18.425779867164
2119,21.760983573850105
2120,16.31863823760928
2121,21.548904070195412
2122,19.27937157201219
2123,22.763685959533092
2124,9.580895092793801
2125,8.557818375915609
2126,20.433684506292934
2127,20.548258001135114
2128,24.825699407745084
2129,15.41016003068938
2130,22.099873500052908
2131,23.135861308444404
2132,23.38481822394173
2133,22.72054810005154
2134,18.405628593317235
2135,23.91545151328615
2136,23.305564275048795
2137,21.95327426168815
2138,20.75514083500953
2139,20.596417877963365
2140,23.704983833461366
2141,-2.022679589121867
2142,-30.0
2143,18.45520812252791
2144,24.28363666629578
2145,24.08558812293942
2146,-28.033549871474452
2147,24.621195162862456
2148,21.96073674000103
2149,19.843682930797893
2150,19.247889510349335
2151,17.84285996385838
2152,21.999209453311504
2153,21.52713843777975
2154,21.63506324187989
2155,23.910897264089456
2156,19.30758699060391
2157,20.139260508213432
2158,25.797865995390698
2159,22.395244546644786
2160,24.49640632463807
2161,18.120853014746743
2162,22.115458949936407
2163,22.608262175813778
2164,23.14857887462411
2165,21.77553672064484
2166,23.921703941625985
2167,20.60176101708653
2168,21.349168424873195
2169,22.06218438225097
2170,-30.0
2171,24.142155040984647
2172,23.443082812977533
2173,17.578403439992464
2174,21.431596079717444
2175,20.48290440506723
2176,20.23779397311213
2177,17.432812604418665
2178,20.4668244197934
2179,19.922738147978688
2180,22.272195757786715
2181,22.079613933256702
2182,20.25986477433196
2183,22.154999971264363
2184,22.248110648763667
2185,-8.341557927366221
2186,23.743551280670815
2187,22.057465882689144
2188,22.032907735091783
2189,20.014481061608272
2190,-30.0
2191,21.619165333222647
2192,22.951239554278015
2193,7.959206065875425
2194,22.079634587540458
2195,5.622952184321273
2196,20.19282133077854
2197,22.400698296608947
2198,17.775700604567707
2199,24.82826342279331
2200,19.850872079612174
2201,19.017923933903663
2202,21.715704676020092
2203,20.908729119973056
2204,16.486387373615162
2205,-30.0
2206,18.799891415197564
2207,22.230667437884197
2208,-8.161568842296884
2209,20.484204867458356
2210,21.32891021706271
2211,21.792825747714335
2212,23.73666790258823
2213,20.835290290435545
2214,20.223320726749186
2215,22.60704474376186
2216,21.9767984571815
2217,20.280331157948176
2218,23.963121018380143
2219,15.494629915489293
2220,22.168764795930144
2221,19.139314754393126
2222,20.1913722762418
2223,23.68985084154471
2224,22.066088847887016
2225,22.653387563450273
2226,22.436571699438865
2227,22.795208341679313
2228,22.9676475058784
2229,19.792693894161758
2230,21.393590399958022
2231,18.863299666523783
2232,22.11697895797187
2233,20.128133067328736
2234,21.5396934695423
2235,20.239277234108354
2236,21.14443689125608
2237,20.074221591655057
2238,19.6191121310231
2239,22.037731491380477
2240,-30.0
2241,21.179245219572888
2242,21.974143633380194
2243,-26.121229612906717
2244,-30.0
2245,14.070493730477438
2246,-30.0
2247,24.3821286476411
2248,21.167531606837784
2249,20.30525913360922
2250,18.814859652595654
2251,17.005700720391108
2252,-14.822790544914579
2253,20.464355236921833
2254,21.678284037258777
2255,23.607423391957088
2256,24.29646593144549
2257,21.205002446992104
2258,20.101960843704763
2259,23.721161457800214
2260,21.523166352752067
2261,20.160240597807
2262,24.347972579150458
2263,23.862390922770114
2264,-28.83291497288294
2265,21.978577503350017
2266,20.212907985014898
2267,22.002971083499663
2268,22.844783469386932
2269,22.019970006249466
2270,21.69521912172954
2271,22.325187856724646
2272,22.34948806015082
2273,25.24295337522153
2274,21.823689694647264
2275,24.170113050005753
2276,22.349934038356736
2277,21.916806800837605
2278,18.567664751360766
2279,18.283469013098287
2280,19.926793178548614
2281,23.147888219567967
2282,19.202882018303463
2283,6.891696901113607
2284,21.56378740192322
2285,22.071763176884463
2286,-30.0
2287,19.53648087762237
2288,24.595059252120436
2289,21.800362145620888
2290,22.4387246074693
2291,23.771342089377708
2292,18.099854485799796
2293,22.119779609962446
2294,21.496875679757817
2295,2.8480514514398507
2296,19.39208539447422
2297,20.98908786393456
2298,20.04547395157812
2299,23.585769496988355
2300,20.7159143970964
2301,21.710460847980677
2302,20.56390499545509
2303,24.381372320401464
2304,22.726176743852644
2305,21.657656668705272
2306,22.09057669482321
2307,22.193629998228246
2308,21.242124045089362
2309,20.16420547080014
2310,19.482176292216426
2311,20.041702994664394
2312,23.695451297815055
2313,0.9546115764110858
2314,21.903580241931664
2315,21.77219005123518
2316,20.49625088024586
2317,19.125533236822434
2318,19.776300012059185
2319,19.26174823577965
2320,22.408593925269336
2321,24.196910479359133
2322,21.127437407803875
2323,20.65112099047643
2324,21.778667695607645
2325,5.980191460603417
2326,24.3772963336154
2327,22.41708919779293
2328,20.239297340221306
2329,21.98339658437387
2330,23.188209157960998
2331,19.63737377884419
2332,22.285557491831113
2333,18.969773897507714
2334,24.286747500149048
2335,24.562932727243624
2336,-30.0
2337,21.558379834529855
2338,22.502645753463685
2339,19.403249456359017
2340,20.54827255849414
2341,18.2272930877128
2342,22.845413147026292
2343,21.993019291095692
2344,20.17571843917714
2345,21.14036663243928
2346,21.894035134440855
2347,21.731877029160486
2348,20.044788896571553
2349,8.272516647394593
2350,19.795638743810866
2351,18.380564145938784
2352,4.928170537135065
2353,-30.0
2354,18.54308518361593
2355,20.181723565925015
2356,19.28474487992881
2357,17.811362176108634
2358,23.616089749078633
2359,21.635518506947612
2360,-28.026062394513037
2361,21.88769622391907
2362,20.143492719914647
2363,19.81880737261168
2364,24.751137730284384
2365,20.838431752264217
2366,21.21201414444556
2367,19.112736310955942
2368,19.041352488245067
2369,21.21407310811252
2370,20.461140957483785
2371,23.34410323689265
2372,11.059419176883289
2373,21.454333897639877
2374,21.36982482532243
2375,19.39893668270398
2376,19.979076245402023
2377,-28.07496181355099
2378,20.592287896194602
2379,16.795572063015705
2380,23.86590697444722
2381,16.60620004930722
2382,20.913863060380987
2383,21.944700658480198
2384,21.358879645693378
2385,21.103614989629953
2386,22.068052925392124
2387,24.858042972726594
2388,21.34002679847132
2389,21.022345707351764
2390,23.01379421790635
2391,20.246830938097695
2392,24.23559024373125
2393,22.251478641690206
2394,21.708944802658948
2395,21.12514152596076
2396,17.83503233113065
2397,14.972703032175188
2398,19.01297452286062
2399,19.940611712609865
2400,19.176635804849017
2401,20.58808712215936
2402,-30.0
2403,20.426676143139755
2404,18.376309177844625
2405,25.21462348285444
2406,10.870760335096026
2407,21.791893614244174
2408,25.641957395537325
2409,10.456987250212507
2410,-26.11988544007225
2411,23.340619315133075
2412,19.162893517621992
2413,23.709516391848457
2414,23.032704969422117
2415,20.176298212617777
2416,17.19459277226819
2417,-30.0
2418,19.964445177574714
2419,-15.556450738268587
2420,21.49159219876518
2421,22.124517318556773
2422,18.454396813538764
2423,21.564387293518685
2424,-30.0
2425,-30.0
2426,22.21117058839529
2427,21.707762267980176
2428,18.198305669002092
2429,18.233062894005545
2430,13.16850246317846
2431,23.162613440218134
2432,22.82250127490977
2433,18.145791477598728
2434,18.861408455166433
2435,20.63699839103657
2436,24.32416940045993
2437,20.984304379842225
2438,24.58764401894521
2439,16.379648732308645
2440,-30.0
2441,8.407391969612636
2442,18.726247513999922
2443,20.030572753705776
2444,18.572887875064023
2445,22.26151873748018
2446,16.973550490600726
2447,21.157056271736842
2448,24.27080259061451
2449,23.256615418896235
2450,20.86975116219836
2451,20.97714540105755
2452,16.132665653994678
2453,13.430001482732768
2454,19.353327064013953
2455,20.327111388076347
2456,23.050234768767552
2457,19.574314638384795
2458,21.374417277016935
2459,24.03312149962036
2460,20.51375616906978
2461,24.14010192416931
2462,19.883477559859607
2463,18.270914288171085
2464,21.24612225577511
2465,18.367098136544993
2466,21.72799776229994
2467,18.13450687394203
2468,23.168772712631977
2469,19.02902315009083
2470,24.06714129765382
2471,19.80383662587401
2472,18.240780800833456
2473,23.500572688271035
2474,18.49197755554577
2475,22.249349302502317
2476,21.69725473462515
2477,21.69881604499605
2478,20.435415323711663
2479,21.74052063902359
2480,-30.0
2481,-29.2
2482,20.37479851189817
2483,20.472351423441495
2484,21.63789733041842
2485,23.144817339860722
2486,20.653049837388775
2487,24.032731287908998
2488,15.752640255695024
2489,20.72458242640233
2490,20.08725272837524
2491,21.435348484031998
2492,20.656883183631365
2493,23.060661089266304
2494,21.57632066197169
2495,17.503241715335577
2496,-29.2
2497,21.280294375060393
2498,-30.0
2499,21.66136378497997
2500,-30.0
2501,23.619078060014107
2502,20.59441900953984
2503,-30.0
2504,21.932890642568033
2505,24.359545160498627
2506,22.462623489449946
2507,20.464572970953316
2508,21.86433704243559
2509,17.728360557591206
2510,21.441298215158287
2511,17.611672989746022
2512,21.877753612545828
2513,-28.509814077855292
2514,4.791338355434876
2515,23.590241830767912
2516,21.577504836981877
2517,20.02037262654088
2518,23.42785292525526
2519,20.299247024337774
2520,24.70202304357432
2521,21.962101889216797
2522,4.363303186309666
2523,9.854804787365373
2524,22.19968540799476
2525,22.356955270678384
2526,20.34716532963565
2527,-8.920648569570101
2528,22.870381152509637
2529,7.073543615186896
2530,22.35901989636244
2531,19.027763953716363
2532,21.170949619894643
2533,-13.484477205796326
2534,18.097350139304737
2535,20.790919708957183
2536,21.3698727628625
2537,22.570703624268436
2538,-27.640472619020354
2539,18.89517765075629
2540,19.05417738568628
2541,18.154178145299596
2542,20.703897861484172
2543,23.782289728911138
2544,21.48677574776902
2545,22.10195068437214
2546,20.3514688545278
2547,21.385497205447347
2548,20.950698782976957
2549,21.196877793753547
2550,22.195031388231794
2551,22.59118725262912
2552,22.886909295149657
2553,25.503083927491144
2554,18.95991869531842
2555,21.825027303068097
2556,22.130369285661107
2557,20.70485331772208
2558,20.201572805943012
2559,20.34225074384565
2560,18.976419637502005
2561,22.448209099049468
2562,-28.00812897309516
2563,20.69344792196061
2564,20.166279828684544
2565,22.440977312270732
2566,21.118147038629626
2567,23.104257628235306
2568,20.52017956841927
2569,21.260612927130914
2570,18.225030846138864
2571,21.095795042725776
2572,23.200704795841126
2573,20.467558704077543
2574,23.83479327761396
2575,20.52495058975382
2576,18.832136291315123
2577,19.478827516874976
2578,21.171849578385903
2579,20.613864201068782
2580,22.72431535203806
2581,21.081049670702786
2582,9.881610381975129
2583,22.66889099154482
2584,21.512483082707277
2585,22.740055640138497
2586,20.72592001099657
2587,24.408504100282773
2588,19.687761945097023
2589,23.52526680140295
2590,19.15994647787608
2591,19.899276855338766
2592,7.756085535657883
2593,-5.211973677238882
2594,24.869096097633165
2595,-30.0
2596,18.294228839434005
2597,19.21035049361958
2598,24.19187979874687
2599,13.545606047588127
2600,20.835531533966623
2601,20.602114683238437
2602,21.398947636700182
2603,-28.442631602815293
2604,19.47452282666167
2605,6.453553540878475
2606,1.7860976408779365
2607,20.7677240487543
2608,20.814438232737732
2609,19.78700963421486
2610,21.223549817433923
2611,-30.0
2612,23.762386880414798
2613,22.149677878192975
2614,20.11640941200517
2615,24.484118392149025
2616,15.974401525802431
2617,-28.004510053745022
2618,18.678368335396893
2619,22.121950044170255
2620,22.946734572189985
2621,20.6638957843419
2622,20.077732036336993
2623,-26.119203194344585
2624,20.64725035434994
2625,22.499139073587138
2626,-3.768170717633555
2627,23.110221199203544
2628,22.65962894665744
2629,18.51832721877411
2630,19.479009429951827
2631,20.636132140312135
2632,-19.62878007613189
2633,20.281710408141585
2634,19.846179121587912
2635,24.035562016465324
2636,-6.00508556900829
2637,19.801345448224417
2638,23.343608679156496
2639,-30.0
2640,23.887422269359867
2641,15.60139306869387
2642,24.393286161643296
2643,-28.092741900087056
2644,21.054189559950995
2645,17.362526163611776
2646,23.022339826521886
2647,23.111416774382054
2648,23.683283262079637
2649,23.287398434502546
2650,13.064894879058432
2651,-30.0
2652,19.934491688033322
2653,23.141907364951113
2654,19.903078423943114
2655,23.064845123801714
2656,-4.829911316872711
2657,21.038136858915305
2658,22.534284816708425
2659,21.889113973106447
2660,24.433930917260337
2661,18.087602947525635
2662,22.431086864548192
2663,21.410198649107045
2664,17.70298185232946
2665,10.87321204234774
2666,23.50541350668104
2667,16.497189126305255
2668,9.44407719180877
2669,17.967015016494493
2670,20.97364916985835
2671,23.009751793623938
2672,22.452221396237153
2673,20.79706274874433
2674,15.930007895194956
2675,22.91831249260973
2676,18.995810240523745
2677,20.909918642395922
2678,16.968710879854612
2679,11.364119820910819
2680,20.53289905840704
2681,23.935129132398956
2682,21.126177666047287
2683,19.27968498102297
2684,20.17149178787303
2685,22.69423558242664
2686,13.949367592632738
2687,19.560683997001362
2688,20.56405273332794
2689,21.10417644541348
2690,20.287216667301973
2691,21.079294821310423
2692,21.4854307811118
2693,20.16084799519097
2694,23.87562331777208
2695,19.580196111605694
2696,19.25445170586384
2697,19.792797053690823
2698,18.710061830628337
2699,20.676081825168282
2700,22.90819884560638
2701,20.307909600869483
2702,17.196417201013666
2703,21.21865861906536
2704,-26.122337033142422
2705,22.37232348910255
2706,5.230474997560698
2707,-30.0
2708,19.239813108973635
2709,-6.426160015107117
2710,22.212769267642564
2711,24.81318613540071
2712,20.974883223648863
2713,20.938244169671307
2714,22.31776549345651
2715,-10.133610212977304
2716,20.88771040525795
2717,23.58364783008886
2718,19.432657332819463
2719,-30.0
2720,20.773849519872513
2721,-28.816074931000962
2722,19.165947509239153
2723,21.909910954886918
2724,18.90592935553113
2725,22.377120096836727
2726,23.394940231140072
2727,22.00624568458797
2728,-17.69118380357387
2729,23.03860366534379
2730,19.84867452841414
2731,20.892541137643438
2732,19.400860739929254
2733,21.21587891274878
2734,25.78643901646889
2735,18.058467168649177
2736,21.8754554321205
2737,21.099342164125865
2738,20.290903128933277
2739,21.991861868006374
2740,22.10957744701636
2741,23.71699655290838
2742,14.172424086869569
2743,24.23938370939815
2744,18.346139814890215
2745,-15.112013291468793
2746,22.4603810981723
2747,21.132631832571136
2748,20.13489756831153
2749,19.531315876097104
2750,23.2153808142857
2751,16.540007510420676
2752,21.265927711492033
2753,21.340622827487163
2754,22.793098894960316
2755,18.604551635137774
2756,20.46024362169731
2757,21.687961058627458
2758,-27.33063799513401
2759,21.933544920045946
2760,20.172490154855073
2761,23.733148632886085
2762,18.18316844060695
2763,20.529185885513844
2764,-27.071420504064918
2765,18.936691148543783
2766,22.474373807616104
2767,18.765698752332476
2768,23.89970273188401
2769,21.15409830130598
2770,13.993005329044312
2771,23.03057641663723
2772,24.951973980419307
2773,-8.485970604177858
2774,20.542131619615457
2775,23.656996344817557
2776,22.43694200412166
2777,19.741390307379227
2778,24.128910141058633
2779,20.02623995051568
2780,3.5907082824681664
2781,17.0031956541496
2782,23.940253925735004
2783,20.90122359889142
2784,16.101687875576946
2785,23.324102659445746
2786,22.28133457755569
2787,19.78751661860808
2788,-30.0
2789,21.57347585986491
2790,4.670747084932931
2791,19.873325478234786
2792,22.034027822659624
2793,20.056356737480343
2794,-26.8709039661058
2795,21.155270049818668
2796,16.33610585036632
2797,20.10996107693603
2798,22.967122832174823
2799,19.3663916431978
2800,22.05421993949978
2801,18.10838690523873
2802,-30.0
2803,-30.0
2804,20.037941876890244
2805,17.78248646317384
2806,21.006351951935198
2807,23.536092253083687
2808,21.84854522972804
2809,-28.628160318150677
2810,21.695576130689826
2811,17.824949803742363
2812,22.367234422682827
2813,20.81322852583154
2814,23.8572425808428
2815,20.355778509475503
2816,20.754849719144946
2817,22.25110921968583
2818,-30.0
2819,-28.622594190537654
2820,23.06432014968966
2821,20.448834658032144
2822,22.9230205404632
2823,20.649868062955335
2824,22.791219294375132
2825,21.623323553595235
2826,20.25377715485545
2827,22.268043802677145
2828,19.48685217287453
2829,-28.865223429435872
2830,21.273919686863298
2831,13.271985949947828
2832,21.84001669651363
2833,18.938610575434787
2834,22.588045200386208
2835,23.248907039898544
2836,-27.161427910778155
2837,22.414217966524742
2838,22.77116985188205
2839,21.24431313114277
2840,21.662008905712494
2841,21.37949606962026
2842,22.458877730578564
2843,-30.0
2844,23.1266541729374
2845,25.358377690702923
2846,19.851165851842914
2847,22.333198255622175
2848,22.62631856522051
2849,17.62706351535896
2850,20.54216547851096
2851,13.965072608006786
2852,20.401453934280898
2853,21.749450836807743
2854,19.33790130946523
2855,20.927916170587658
2856,22.748928718346928
2857,16.321666297962153
2858,17.430411454412425
2859,20.83325199134701
2860,21.993749600403355
2861,20.043368552669577
2862,19.85295390752499
2863,17.914267908294462
2864,25.489744015279452
2865,24.055875145210358
2866,17.940013799680138
2867,20.882745976192936
2868,24.910804937943944
2869,21.94770090168507
2870,20.30854388613336
2871,22.514820368567896
2872,-17.34140709320072
2873,22.107784771282354
2874,19.79100225470384
2875,23.054149266128345
2876,24.968969661046298
2877,20.86855358312137
2878,22.301494055972153
2879,24.32132700202862
2880,22.033382953549907
2881,23.580454480584326
2882,24.080296094361724
2883,20.32532295100828
2884,23.096329126347307
2885,19.62359168791696
2886,20.218652513774334
2887,22.011043095209562
2888,-30.0
2889,19.71209826283841
2890,22.687860799630137
2891,19.444348742129534
2892,24.542340109469556
2893,20.21456089757894
2894,-30.0
2895,20.599729739809774
2896,21.12844954275861
2897,20.583213783084275
2898,22.441507426346796
2899,19.880090243953582
2900,19.087404550230502
2901,24.90306191708736
2902,-30.0
2903,17.746748203283747
2904,24.561168722437763
2905,23.353670815816386
2906,20.73080299480808
2907,15.58019639717821
2908,20.93975210280868
2909,20.56183830948627
2910,20.1478359817786
2911,23.133536754125167
2912,21.858407857359925
2913,21.74806788447802
2914,22.44626588820485
2915,20.913277625169165
2916,23.780883404367824
2917,18.830529162982728
2918,16.831386678991255
2919,21.36537139390394
2920,15.704805502643062
2921,18.03637097554226
2922,-26.2581946180808
2923,21.884390570503182
2924,22.215399488166145
2925,22.997950622798108
2926,22.65064691626995
2927,21.26447613203046
2928,18.991973716480853
2929,19.644578204061528
2930,24.080108024957884
2931,18.733119079629503
2932,21.973553726981596
2933,19.84156197820178
2934,24.17394306499119
2935,21.030541113586445
2936,22.044990036635994
2937,23.0041060289856
2938,18.22849499572149
2939,19.54679430492918
2940,22.583754188187463
2941,19.825118841962045
2942,20.645888493565657
2943,23.007116260365088
2944,2.631779388244637
2945,20.964061462959805
2946,18.001240722024185
2947,20.060476090900153
2948,16.291868232689026
2949,19.128522966356062
2950,20.48954656502418
2951,-30.0
2952,22.966456138612482
2953,18.84610784472548
2954,12.039337369364938
2955,21.70866247927347
2956,21.28859588014499
2957,21.098678207717615
2958,24.251428878100967
2959,20.886659192429665
2960,22.659355631336965
2961,18.700149495092987
2962,20.20954927677328
2963,18.417083659601374
2964,22.975865568756415
2965,21.363718516687705
2966,19.41459117298053
2967,19.03813583803577
2968,23.69451415164719
2969,-30.0
2970,-30.0
2971,23.332251656534588
2972,23.321240201890742
2973,19.902186183368443
2974,21.381186188991094
2975,21.359995255846382
2976,23.452701418135067
2977,25.284092642872857
2978,24.22039822370315
2979,22.995798419047574
2980,22.295185577876037
2981,18.852213429862616
2982,20.280288504089512
2983,3.920935816187459
2984,11.17803851478459
2985,-30.0
2986,19.162232572870817
2987,23.502129922729623
2988,21.063768417440652
2989,6.639317035143446
2990,20.47987721062131
2991,20.930857603882913
2992,23.825600878221145
2993,24.401768912243316
2994,22.727325639099288
2995,21.51833895135304
2996,21.50047430828843
2997,15.090312864974731
2998,-29.2
2999,19.334830498433973
3000,-30.0
